Gene,chr,start,end,known_motif,expansion_number
ATN1,chr12,6947904,6947941,CAG,48
FXN,chr9,81210821,81210871,GAA,66
ATXN1,chr6,16200191,16200281,CAG,38
ATXN2,chr12,111575874,111575940,CAG,32
ATXN3,chr14,86300562,86300603,CAG,52
CACNA1A,chr19,13333136,13333175,CAG,18
ATXN7,chr3,63956303,63956334,CAG,33
ATXN8,chr13,69361244,69361270,CAG/TAG,73
TBP,chr6,171935459,171935569,CAG,42
HTT,chr4,3073603,3073695,CAG,35
FMR1,chrX,146176607,146176769,CGG,54
C9orf72,chr9,27584064,27584155,GGGGCC,23
RFC1,chr4,39318078,39318136,AAGGG/ACAGG,399
ATXN10,chr22,46280060,46280129,ATTCT,279
PPP2R2B,chr5,147414735,147414764,CAG,50
BEAN1,chr16,72289770,72289804,TGGAA,109
NOP56,chr20,2683188,2683242,GGCCTG,649
DAB1,chr1,57245936,57245977,ATTTC,30
GLS,chr2,191369983,191370024,GCA,300
FGF14,chr13,101376561,101378789,GAA,250
CSTB,chr21,42132041,42132082,CCCCGCCCCGCG,30
ZFHX3,chr16,78605501,78605568,GCC,40
NOTCH2NLC,chr1,148519696,148519738,CGG,65
PRNP,chr20,4738615,4738616,CCTCAGGGCGGTGGTGGCTGG,7
ARX,chrX,24597891,24597934,GCC,16
SAMD12,chr8,119495248,119495353,TTTCA,104
STARD7,chr2,96703675,96703732,ATTTC,149
MARCHF6,chr5,10295521,10295593,TTTCA,699
TNRC6A,chr16,24890367,24890430,TTTTA,18
RAPGEF2,chr4,162693304,162693405,TTTTA,17
YEATS2,chr3,186521593,186522032,TTTCA,0
JPH3,chr16,93675724,93675776,CTG,39
AFF2,chrX,146765191,146765342,CCG,200
SOX3,chr3,184516991,184517032,GCG,14
DIP2B,chr12,50468095,50468116,CGG,350
ZNF713,chr7,56047831,56047989,CGG,22
CBL,chr11,119226662,119226695,CCG,3
AR,chrX,65975148,65975250,CAG,37
PRDM12,chr9,142886569,142886595,GCG,17
WDR7,chr18,57226297,57227611,NNN,1
NIPA1,chr15,20458510,20458534,GCG,10
VWA1,chr1,870159,870180,GGCGCGGAGC,2
DMPK,chr19,48597740,48597756,CTG,49
NUTM2B-AS1,chr10,80695699,80695747,CGG,15
PABPN1,chr14,17522488,17522527,GCG,6
CNBP,chr3,131917483,131917557,CCTG,49
LRP12,chr8,105716410,105716441,CGG,89
GIPC1,chr19,14622643,14622721,CGG,69
PLIN4,chr19,4493973,4497264,NNN,31
ZIC2,chr13,99196359,99196404,GCG,24
XYLT1,chr16,17477871,17478210,GGC,99
FOXL2,chr3,141687014,141687054,GCG,21
HOXA13,chr7,27335815,27335955,GCG,23
HOXD13,chr2,176581179,176581220,GCG,21
PHOX2B,chr4,41719749,41719795,GCG,23
TCF4,chr18,55789234,55789286,TGC,50
