Gene,chr,start,end,known_motif,expansion_number
ATN1,chr12,6936717,6936775,CAG,48
FXN,chr9,69037275,69037314,GAA,66
ATXN1,chr6,16327636,16327723,CAG,38
ATXN2,chr12,111598950,111599019,CAG,32
ATXN3,chr14,92071011,92071052,CAG,52
CACNA1A,chr19,13207858,13207897,CAG,18
ATXN7,chr3,63912685,63912716,CAG,33
ATXN8,chr13,70139383,70139428,CAG/TAG,73
TBP,chr6,170561907,170562017,CAG,42
HTT,chr4,3074876,3074941,CAG,35
FMR1,chrX,147911979,147912111,CGG,54
C9orf72,chr9,27573485,27573546,GGGGCC,23
RFC1,chr4,39348425,39348483,AAGGG/ACAGG,399
ATXN10,chr22,45795355,45795424,ATTCT,279
PPP2R2B,chr5,146878729,146878758,CAG,50
BEAN1,chr16,66495475,66495509,TGGAA,109
NOP56,chr20,2652733,2652775,GGCCTG,649
DAB1,chr1,57367044,57367125,ATTTC,30
GLS,chr2,190880873,190880920,GCA,300
FGF14,chr13,102160577,102162726,GAA,250
CSTB,chr21,43776429,43776470,CCCCGCCCCGCG,30
ZFHX3,chr16,72787693,72787757,GCC,40
NOTCH2NLC,chr1,149390803,149390842,CGG,65
PRNP,chr20,4699379,4699380,CCTCAGGGCGGTGGTGGCTGG,7
ARX,chrX,25013654,25013697,GCC,16
SAMD12,chr8,118366813,118366918,TTTCA,104
STARD7,chr2,96197067,96197124,ATTTC,149
MARCHF6,chr5,10356339,10356411,TTTCA,699
TNRC6A,chr16,24613439,24613532,TTTTA,18
RAPGEF2,chr4,159342527,159342618,TTTTA,17
YEATS2,chr3,183712113,183712552,TTTCA,0
JPH3,chr16,87604283,87604329,CTG,39
AFF2,chrX,148500605,148500753,CCG,200
SOX3,chr3,181712415,181712456,GCG,14
DIP2B,chr12,50505001,50505022,CGG,350
ZNF713,chr7,55887537,55887689,CGG,22
CBL,chr11,119206289,119206322,CCG,3
AR,chrX,67545317,67545419,CAG,37
PRDM12,chr9,130681606,130681641,GCG,17
WDR7,chr18,57024413,57025039,NNN,1
NIPA1,chr15,22786677,22786701,GCG,10
VWA1,chr1,1435799,1435820,GGCGCGGAGC,2
DMPK,chr19,45770205,45770266,CTG,49
NUTM2B-AS1,chr10,79826364,79826403,CGG,15
PABPN1,chr14,23321472,23321511,GCG,6
CNBP,chr3,129172577,129172656,CCTG,49
LRP12,chr8,104588965,104588999,CGG,89
GIPC1,chr19,14496029,14496104,CGG,69
PLIN4,chr19,4510488,4513581,NNN,31
ZIC2,chr13,99985449,99985494,GCG,24
XYLT1,chr16,17470869,17470967,GGC,99
FOXL2,chr3,138946022,138946062,GCG,21
HOXA13,chr7,27199827,27199967,GCG,23
HOXD13,chr2,176093058,176093099,GCG,21
PHOX2B,chr4,41745976,41746022,GCG,23
TCF4,chr18,55586155,55586227,TGC,50
